{
  "project_info": {
    "project_number": "707112598614",
    "project_id": "veroapp-b7284",
    "storage_bucket": "veroapp-b7284.firebasestorage.app"
  },
  "client": [
    {
      "client_info": {
        "mobilesdk_app_id": "1:707112598614:android:7ff53aad0bacc0356d0ff7",
        "android_client_info": {
          "package_name": "com.example.veroshoppeapp"
        }
      },
      "oauth_client": [],
      "api_key": [
        {
          "current_key": "AIzaSyDTCBkVcBanbJfPv-ymECTqz7BAwSV462c"
        }
      ],
      "services": {
        "appinvite_service": {
          "other_platform_oauth_client": []
        }
      }
    }
  ],
  "configuration_version": "1"
}